<AttackProcessor pcap="20161216202830.hmi"><start>2016-12-15 17:26:09.303479</start><finish>2016-12-16 01:19:50.637287</finish><local_dir>/root/datasets/20161215163606_s7_process_attacks</local_dir><first>43538</first><last>434951</last></AttackProcessor><AttackProcessor pcap="20161216202830.attacker"><start>2016-12-15 17:26:09.303479</start><finish>2016-12-16 01:19:50.637287</finish><local_dir>/root/datasets/20161215163606_s7_process_attacks</local_dir><first>2875</first><last>1373336</last></AttackProcessor><AttackProcessor pcap="20161216202830.master"><start>2016-12-15 17:26:09.303479</start><finish>2016-12-16 01:19:50.637287</finish><local_dir>/root/datasets/20161215163606_s7_process_attacks</local_dir><first>43410</first><last>1789042</last></AttackProcessor>